DATA,ARABICA RUIM,ARABICA BOM,CONILLON
02/01/2019,"388,00","328,00","290,00"
03/01/2019,"380,00","326,00","288,00"
04/01/2019,"379,00","326,00","287,00"
07/01/2019,"377,00","325,00","287,00"
08/01/2019,"378,00","326,00","287,00"
09/01/2019,"379,00","327,00","288,00"
10/01/2019,"382,00","328,00","290,00"
11/01/2019,"386,00","332,00","292,00"
14/01/2019,"383,00","331,00","292,00"
15/01/2019,"382,00","331,00","292,00"
16/01/2019,"382,00","331,00","292,00"
17/01/2019,"381,00","332,00","292,00"
18/01/2019,"383,00","333,00","294,00"
21/01/2019,"384,00","334,00","295,00"
22/01/2019,"383,00","333,00","294,00"
23/01/2019,"384,00","334,00","292,00"
24/01/2019,"386,00","337,00","295,00"
25/01/2019,"387,00","346,00","297,00"
28/01/2019,"380,00","339,00","294,00"
29/01/2019,"381,00","339,00","294,00"
30/01/2019,"381,00","339,00","292,00"
31/01/2019,"382,00","341,00","292,00"
01/02/2019,"383,00","340,00","292,00"
04/02/2019,"386,00","343,00","295,00"
05/02/2019,"386,00","342,00","295,00"
06/02/2019,"387,00","343,00","293,00"
07/02/2019,"386,00","343,00","292,00"
08/02/2019,"389,00","345,00","296,00"
11/02/2019,"388,00","343,00","295,00"
12/02/2019,"387,00","343,00","294,00"
13/02/2019,"388,00","342,00","295,00"
14/02/2019,"387,00","342,00","294,00"
15/02/2019,"389,00","342,00","295,00"
18/02/2019,"390,00","343,00","296,00"
19/02/2019,"390,00","343,00","296,00"
20/02/2019,"392,00","342,00","296,00"
21/02/2019,"389,00","342,00","296,00"
22/02/2019,"386,00","342,00","294,00"
25/02/2019,"386,00","340,00","292,00"
26/02/2019,"379,00","337,00","293,00"
27/02/2019,"379,00","338,00","294,00"
28/02/2019,"376,00","337,00","294,00"
01/03/2019,"384,00","341,00","297,00"
07/03/2019,"386,00","340,00","297,00"
08/03/2019,"391,00","342,00","299,00"
11/03/2019,"390,00","341,00","298,00"
12/03/2019,"379,00","332,00","296,00"
13/03/2019,"379,00","337,00","296,00"
14/03/2019,"376,00","335,00","293,00"
15/03/2019,"375,00","335,00","291,00"
18/03/2019,"375,00","334,00","289,00"
19/03/2019,"374,00","332,00","289,00"
20/03/2019,"371,00","327,00","285,00"
21/03/2019,"373,00","326,00","286,00"
22/03/2019,"372,00","322,00","288,00"
25/03/2019,"376,00","321,00","291,00"
26/03/2019,"373,00","322,00","291,00"
27/03/2019,"373,00","321,00","292,00"
28/03/2019,"371,00","321,00","291,00"
29/03/2019,"371,00","321,00","291,00"
01/04/2019,"361,00","314,00","285,00"
02/04/2019,"363,00","311,00","277,00"
03/04/2019,"365,00","315,00","279,00"
04/04/2019,"366,00","316,00","279,00"
05/04/2019,"364,00","315,00","279,00"
08/04/2019,"364,00","316,00","278,00"
09/04/2019,"366,00","315,00","279,00"
10/04/2019,"363,00","312,00","277,00"
11/04/2019,"356,00","307,00","275,00"
12/04/2019,"355,00","308,00","275,00"
15/04/2019,"358,00","305,00","277,00"
16/04/2019,"355,00","301,00","275,00"
17/04/2019,"353,00","300,00","273,00"
18/04/2019,"355,00","300,00","273,00"
22/04/2019,"356,00","303,00","273,00"
23/04/2019,"355,00","301,00","271,00"
24/04/2019,"354,00","303,00","271,00"
25/04/2019,"353,00","302,00","271,00"
26/04/2019,"352,00","302,00","272,00"
30/04/2019,"348,00","299,00","272,00"
02/05/2019,"354,00","300,00","264,00"
03/05/2019,"352,00","298,00","261,00"
06/05/2019,"353,00","301,00","262,00"
07/05/2019,"348,00","298,00","257,00"
08/05/2019,"345,00","296,00","253,00"
09/05/2019,"351,00","299,00","256,00"
10/05/2019,"351,00","300,00","258,00"
13/05/2019,"353,00","299,00","260,00"
14/05/2019,"354,00","303,00","264,00"
15/05/2019,"355,00","307,00","266,00"
16/05/2019,"357,00","307,00","263,00"
17/05/2019,"357,00","303,00","261,00"
20/05/2019,"360,00","308,00","265,00"
21/05/2019,"362,00","311,00","270,00"
22/05/2019,"362,00","306,00","268,00"
23/05/2019,"365,00","309,00","272,00"
24/05/2019,"365,00","310,00","274,00"
27/05/2019,"362,00","309,00","274,00"
28/05/2019,"363,00","310,00","275,00"
29/05/2019,"369,00","313,00","280,00"
30/05/2019,"371,00","315,00","281,00"
31/05/2019,"378,00","322,00","286,00"
03/06/2019,"373,00","325,00","286,00"
04/06/2019,"376,00","336,00","289,00"
05/06/2019,"367,00","323,00","278,00"
06/06/2019,"371,00","329,00","281,00"
07/06/2019,"367,00","324,00","281,00"
10/06/2019,"369,00","323,00","280,00"
11/06/2019,"364,00","316,00","275,00"
12/06/2019,"363,00","316,00","277,00"
13/06/2019,"358,00","312,00","274,00"
14/06/2019,"355,00","309,00","272,00"
17/06/2019,"355,00","311,00","272,00"
18/06/2019,"356,00","308,00","268,00"
19/06/2019,"360,00","310,00","267,00"
21/06/2019,"367,00","314,00","271,00"
24/06/2019,"370,00","317,00","273,00"
25/06/2019,"379,00","324,00","279,00"
26/06/2019,"381,00","323,00","277,00"
27/06/2019,"377,00","322,00","275,00"
28/06/2019,"383,00","328,00","280,00"
01/07/2019,"385,00","325,00","278,00"
02/07/2019,"382,00","326,00","279,00"
03/07/2019,"386,00","331,00","282,00"
04/07/2019,"386,00","332,00","280,00"
05/07/2019,"390,00","330,00","280,00"
08/07/2019,"386,00","321,00","276,00"
09/07/2019,"389,00","323,00","276,00"
10/07/2019,"384,00","320,00","272,00"
11/07/2019,"384,00","319,00","271,00"
12/07/2019,"383,00","318,00","271,00"
15/07/2019,"388,00","321,00","272,00"
16/07/2019,"381,00","315,00","267,00"
17/07/2019,"384,00","316,00","268,00"
18/07/2019,"384,00","317,00","268,00"
19/07/2019,"382,00","316,00","267,00"
22/07/2019,"378,00","312,00","265,00"
23/07/2019,"376,00","310,00","263,00"
24/07/2019,"372,00","303,00","261,00"
25/07/2019,"372,00","301,00","261,00"
26/07/2019,"374,00","300,00","260,00"
29/07/2019,"374,00","300,00","260,00"
30/07/2019,"373,00","300,00","261,00"
31/07/2019,"371,00","300,00","260,00"
01/08/2019,"367,00","296,00","257,00"
02/08/2019,"369,00","296,00","257,00"
05/08/2019,"368,00","294,00","258,00"
06/08/2019,"373,00","294,00","261,00"
07/08/2019,"372,00","296,00","261,00"
08/08/2019,"371,00","295,00","263,00"
09/08/2019,"373,00","295,00","261,00"
12/08/2019,"367,00","292,00","259,00"
13/08/2019,"370,00","294,00","263,00"
14/08/2019,"374,00","297,00","267,00"
15/08/2019,"375,00","297,00","268,00"
16/08/2019,"372,00","296,00","267,00"
19/08/2019,"374,00","294,00","268,00"
20/08/2019,"374,00","294,00","270,00"
21/08/2019,"375,00","295,00","271,00"
22/08/2019,"375,00","296,00","272,00"
23/08/2019,"372,00","294,00","269,00"
26/08/2019,"371,00","292,00","272,00"
27/08/2019,"372,00","293,00","281,00"
28/08/2019,"373,00","295,00","280,00"
29/08/2019,"370,00","286,00","277,00"
30/08/2019,"370,00","284,00","273,00"
02/09/2019,"370,00","285,00","269,00"
03/09/2019,"369,00","283,00","268,00"
04/09/2019,"367,00","284,00","269,00"
05/09/2019,"362,00","278,00","265,00"
06/09/2019,"361,00","280,00","264,00"
09/09/2019,"362,00","282,00","266,00"
10/09/2019,"364,00","282,00","271,00"
11/09/2019,"378,00","290,00","275,00"
12/09/2019,"382,00","295,00","275,00"
13/09/2019,"385,00","297,00","278,00"
16/09/2019,"388,00","300,00","280,00"
17/09/2019,"388,00","300,00","280,00"
18/09/2019,"388,00","300,00","280,00"
19/09/2019,"388,00","300,00","280,00"
20/09/2019,"390,00","300,00","283,00"
23/09/2019,"392,00","302,00","285,00"
24/09/2019,"392,00","302,00","285,00"
25/09/2019,"394,00","304,00","287,00"
26/09/2019,"394,00","304,00","288,00"
27/09/2019,"394,00","304,00","288,00"
30/09/2019,"394,00","304,00","288,00"
01/10/2019,"395,00","305,00","290,00"
02/10/2019,"395,00","305,00","290,00"
03/10/2019,"398,00","307,00","290,00"
04/10/2019,"392,00","302,00","282,00"
07/10/2019,"393,00","300,00","278,00"
08/10/2019,"392,00","298,00","278,00"
09/10/2019,"392,00","298,00","278,00"
10/10/2019,"390,00","296,00","278,00"
11/10/2019,"390,00","296,00","278,00"
14/10/2019,"396,00","300,00","281,00"
15/10/2019,"398,00","301,00","283,00"
16/10/2019,"396,00","299,00","280,00"
17/10/2019,"395,00","298,00","280,00"
18/10/2019,"400,00","302,00","282,00"
21/10/2019,"400,00","302,00","282,00"
22/10/2019,"404,00","302,00","278,00"
23/10/2019,"402,00","300,00","275,00"
24/10/2019,"400,00","298,00","275,00"
25/10/2019,"405,00","303,00","280,00"
28/10/2019,"405,00","304,00","280,00"
29/10/2019,"400,00","300,00","280,00"
30/10/2019,"400,00","300,00","282,00"
31/10/2019,"405,00","305,00","285,00"
01/11/2019,"410,00","306,00","286,00"
04/11/2019,"410,00","306,00","285,00"
05/11/2019,"415,00","310,00","287,00"
06/11/2019,"420,00","315,00","290,00"
07/11/2019,"424,00","317,00","295,00"
08/11/2019,"430,00","320,00","297,00"
11/11/2019,"430,00","315,00","295,00"
12/11/2019,"430,00","315,00","295,00"
13/11/2019,"439,00","322,00","300,00"
14/11/2019,"440,00","322,00","305,00"
18/11/2019,"435,00","320,00","301,00"
19/11/2019,"432,00","319,00","295,00"
20/11/2019,"440,00","325,00","300,00"
21/11/2019,"455,00","333,00","306,00"
22/11/2019,"454,00","333,00","303,00"
25/11/2019,"462,00","339,00","306,00"
26/11/2019,"462,00","340,00","306,00"
27/11/2019,"466,00","343,00","307,00"
28/11/2019,"464,00","341,00","305,00"
29/11/2019,"464,00","341,00","305,00"
02/12/2019,"475,00","350,00","307,00"
03/12/2019,"480,00","353,00","306,00"
04/12/2019,"477,00","349,00","300,00"
05/12/2019,"485,00","360,00","304,00"
06/12/2019,"482,00","359,00","305,00"
09/12/2019,"495,00","365,00","305,00"
10/12/2019,"510,00","370,00","310,00"
11/12/2019,"520,00","378,00","307,00"
12/12/2019,"525,00","380,00","308,00"
13/12/2019,"511,00","370,00","302,00"
16/12/2019,"527,00","381,00","310,00"
17/12/2019,"515,00","380,00","306,00"
18/12/2019,"503,00","378,00","300,00"
19/12/2019,"495,00","365,00","291,00"
20/12/2019,"497,00","365,00","293,00"
23/12/2019,"477,00","360,00","290,00"
24/12/2019,"473,00","363,00","290,00"
26/12/2019,"479,00","360,00","290,00"
27/12/2019,"498,00","364,00","294,00"
30/12/2019,"490,00","363,00","290,00"
02/01/2020,"483,00","373,00","295,00"
03/01/2020,"490,00","373,00","300,00"
06/01/2020,"485,00","365,00","290,00"
07/01/2020,"482,00","365,00","295,00"
08/01/2020,"478,00","360,00","293,00"
09/01/2020,"473,00","352,00","288,00"
10/01/2020,"475,00","355,00","287,00"
13/01/2020,"462,00","343,00","282,00"
14/01/2020,"464,00","348,00","289,00"
15/01/2020,"466,00","351,00","294,00"
16/01/2020,"465,00","348,00","293,00"
17/01/2020,"469,00","355,00","298,00"
20/01/2020,"468,00","358,00","297,00"
21/01/2020,"467,00","355,00","300,00"
22/01/2020,"462,00","350,00","298,00"
23/01/2020,"466,00","353,00","299,00"
24/01/2020,"461,00","353,00","296,00"
27/01/2020,"462,00","347,00","297,00"
28/01/2020,"458,00","347,00","296,00"
29/01/2020,"458,00","343,00","294,00"
30/01/2020,"457,00","347,00","294,00"
31/01/2020,"462,00","352,00","299,00"
03/02/2020,"443,00","333,00","290,00"
04/02/2020,"453,00","347,00","296,00"
05/02/2020,"450,00","345,00","300,00"
06/02/2020,"450,00","341,00","298,00"
07/02/2020,"452,00","343,00","298,00"
10/02/2020,"455,00","345,00","297,00"
11/02/2020,"453,00","350,00","298,00"
12/02/2020,"462,00","352,00","298,00"
13/02/2020,"472,00","358,00","303,00"
14/02/2020,"477,00","365,00","303,00"
17/02/2020,"475,00","365,00","303,00"
18/02/2020,"468,00","365,00","299,00"
19/02/2020,"468,00","363,00","299,00"
20/02/2020,"465,00","360,00","299,00"
21/02/2020,"473,00","377,00","301,00"
27/02/2020,"493,00","378,00","305,00"
28/02/2020,"493,00","382,00","304,00"
02/03/2020,"498,00","393,00","307,00"
03/03/2020,"513,00","402,00","309,00"
04/03/2020,"501,00","390,00","305,00"
05/03/2020,"493,00","383,00","304,00"
06/03/2020,"478,00","367,00","298,00"
09/03/2020,"482,00","373,00","300,00"
10/03/2020,"504,00","385,00","308,00"
11/03/2020,"508,00","383,00","306,00"
12/03/2020,"513,00","385,00","310,00"
13/03/2020,"509,00","380,00","306,00"
16/03/2020,"507,00","380,00","308,00"
17/03/2020,"502,00","378,00","310,00"
18/03/2020,"512,00","385,00","314,00"
19/03/2020,"518,00","391,00","317,00"
20/03/2020,"523,00","395,00","316,00"
23/03/2020,"533,00","392,00","318,00"
24/03/2020,"540,00","393,00","319,00"
25/03/2020,"563,00","398,00","319,00"
26/03/2020,"550,00","395,00","314,00"
27/03/2020,"518,00","384,00","311,00"
30/03/2020,"528,00","393,00","318,00"
31/03/2020,"532,00","395,00","319,00"
01/04/2020,"530,00","393,00","316,00"
02/04/2020,"536,00","399,00","321,00"
03/04/2020,"530,00","395,00","323,00"
06/04/2020,"535,00","393,00","321,00"
07/04/2020,"533,00","404,00","317,00"
08/04/2020,"533,00","404,00","317,00"
09/04/2020,"523,00","388,00","311,00"
13/04/2020,"530,00","390,00","313,00"
14/04/2020,"525,00","388,00","313,00"
15/04/2020,"538,00","395,00","313,00"
16/04/2020,"538,00","391,00","314,00"
17/04/2020,"538,00","391,00","316,00"
22/04/2020,"538,00","390,00","312,00"
23/04/2020,"533,00","386,00","313,00"
24/04/2020,"533,00","389,00","321,00"
27/04/2020,"533,00","392,00","323,00"
28/04/2020,"535,00","393,00","328,00"
29/04/2020,"528,00","389,00","324,00"
30/04/2020,"528,00","390,00","324,00"
04/05/2020,"532,00","396,00","330,00"
05/05/2020,"536,00","400,00","336,00"
06/05/2020,"535,00","399,00","339,00"
07/05/2020,"540,00","401,00","343,00"
08/05/2020,"540,00","400,00","340,00"
11/05/2020,"540,00","401,00","344,00"
12/05/2020,"537,00","401,00","342,00"
13/05/2020,"537,00","401,00","342,00"
14/05/2020,"537,00","399,00","341,00"
15/05/2020,"533,00","399,00","340,00"
18/05/2020,"530,00","396,00","340,00"
19/05/2020,"530,00","396,00","343,00"
20/05/2020,"523,00","392,00","337,00"
21/05/2020,"523,00","392,00","337,00"
22/05/2020,"519,00","389,00","339,00"
25/05/2020,"520,00","390,00","336,00"
26/05/2020,"520,00","390,00","336,00"
27/05/2020,"515,00","386,00","332,00"
28/05/2020,"505,00","377,00","328,00"
29/05/2020,"493,00","373,00","326,00"
01/06/2020,"489,00","372,00","325,00"
02/06/2020,"478,00","366,00","323,00"
03/06/2020,"448,00","355,00","323,00"
04/06/2020,"450,00","366,00","323,00"
05/06/2020,"454,00","354,00","325,00"
08/06/2020,"443,00","347,00","324,00"
09/06/2020,"449,00","347,00","325,00"
10/06/2020,"441,00","350,00","325,00"
12/06/2020,"436,00","350,00","327,00"
15/06/2020,"430,00","338,00","328,00"
16/06/2020,"425,00","350,00","325,00"
17/06/2020,"434,00","359,00","325,00"
18/06/2020,"430,00","348,00","328,00"
19/06/2020,"432,00","351,00","332,00"
22/06/2020,"440,00","357,00","328,00"
23/06/2020,"447,00","360,00","328,00"
24/06/2020,"440,00","348,00","331,00"
25/06/2020,"436,00","348,00","330,00"
26/06/2020,"455,00","355,00","336,00"
29/06/2020,"450,00","359,00","338,00"
30/06/2020,"450,00","362,00","341,00"
01/07/2020,"450,00","365,00","338,00"
02/07/2020,"448,00","362,00","336,00"
03/07/2020,"445,00","367,00","338,00"
06/07/2020,"442,00","370,00","334,00"
07/07/2020,"455,00","360,00","335,00"
08/07/2020,"446,00","367,00","338,00"
09/07/2020,"450,00","367,00","336,00"
10/07/2020,"455,00","368,00","336,00"
13/07/2020,"455,00","368,00","336,00"
14/07/2020,"455,00","370,00","341,00"
15/07/2020,"451,00","365,00","336,00"
16/07/2020,"445,00","359,00","336,00"
17/07/2020,"451,00","371,00","340,00"
20/07/2020,"451,00","368,00","341,00"
21/07/2020,"457,00","370,00","343,00"
22/07/2020,"463,00","378,00","350,00"
23/07/2020,"467,00","381,00","351,00"
24/07/2020,"455,00","371,00","350,00"
27/07/2020,"463,00","375,00","348,00"
28/07/2020,"477,00","375,00","349,00"
29/07/2020,"478,00","381,00","348,00"
30/07/2020,"480,00","383,00","351,00"
31/07/2020,"495,00","388,00","352,00"
03/08/2020,"500,00","389,00","354,00"
04/08/2020,"503,00","389,00","358,00"
05/08/2020,"510,00","390,00","368,00"
06/08/2020,"508,00","390,00","365,00"
07/08/2020,"493,00","386,00","366,00"
10/08/2020,"485,00","379,00","367,00"
11/08/2020,"484,00","373,00","364,00"
12/08/2020,"481,00","377,00","366,00"
13/08/2020,"493,00","381,00","371,00"
14/08/2020,"492,00","385,00","375,00"
17/08/2020,"488,00","380,00","376,00"
18/08/2020,"505,00","390,00","382,00"
19/08/2020,"498,00","388,00","381,00"
20/08/2020,"488,00","385,00","384,00"
21/08/2020,"502,00","395,00","386,00"
24/08/2020,"518,00","399,00","389,00"
25/08/2020,"525,00","404,00","397,00"
26/08/2020,"518,00","401,00","393,00"
27/08/2020,"520,00","401,00","398,00"
28/08/2020,"528,00","400,00","398,00"
31/08/2020,"523,00","400,00","395,00"
01/09/2020,"527,00","405,00","402,00"
02/09/2020,"526,00","403,00","390,00"
03/09/2020,"523,00","398,00","388,00"
04/09/2020,"527,00","396,00","390,00"
09/09/2020,"521,00","390,00","382,00"
10/09/2020,"521,00","386,00","385,00"
11/09/2020,"517,00","382,00","382,00"
14/09/2020,"470,00","373,00","373,00"
15/09/2020,"472,00","378,00","374,00"
16/09/2020,"471,00","365,00","370,00"
17/09/2020,"473,00","365,00","370,00"
18/09/2020,"465,00","365,00","372,00"
21/09/2020,"464,00","362,00","371,00"
22/09/2020,"461,00","365,00","375,00"
23/09/2020,"485,00","367,00","383,00"
24/09/2020,"488,00","370,00","387,00"
25/09/2020,"498,00","381,00","390,00"
28/09/2020,"478,00","373,00","387,00"
29/09/2020,"475,00","368,00","386,00"
30/09/2020,"473,00","372,00","389,00"
01/10/2020,"453,00","355,00","376,00"
02/10/2020,"462,00","362,00","380,00"
05/10/2020,"456,00","357,00","373,00"
06/10/2020,"456,00","362,00","377,00"
07/10/2020,"456,00","365,00","373,00"
08/10/2020,"457,00","366,00","373,00"
09/10/2020,"457,00","366,00","369,00"
13/10/2020,"461,00","365,00","370,00"
14/10/2020,"460,00","365,00","371,00"
15/10/2020,"463,00","367,00","375,00"
16/10/2020,"455,00","363,00","380,00"
19/10/2020,"456,00","361,00","379,00"
20/10/2020,"458,00","363,00","374,00"
21/10/2020,"456,00","360,00","372,00"
22/10/2020,"464,00","360,00","376,00"
23/10/2020,"460,00","360,00","375,00"
26/10/2020,"463,00","362,00","380,00"
27/10/2020,"470,00","368,00","386,00"
28/10/2020,"476,00","371,00","386,00"
29/10/2020,"475,00","371,00","387,00"
30/10/2020,"475,00","373,00","391,00"
03/11/2020,"472,00","370,00","386,00"
04/11/2020,"470,00","369,00","382,00"
05/11/2020,"470,00","367,00","381,00"
06/11/2020,"468,00","363,00","380,00"
09/11/2020,"461,00","358,00","374,00"
10/11/2020,"461,00","361,00","374,00"
11/11/2020,"467,00","368,00","381,00"
12/11/2020,"473,00","374,00","386,00"
13/11/2020,"475,00","378,00","385,00"
16/11/2020,"488,00","386,00","394,00"
17/11/2020,"488,00","388,00","391,00"
18/11/2020,"495,00","393,00","387,00"
19/11/2020,"490,00","393,00","387,00"
20/11/2020,"476,00","379,00","381,00"
23/11/2020,"475,00","380,00","385,00"
24/11/2020,"474,00","378,00","379,00"
25/11/2020,"476,00","378,00","380,00"
26/11/2020,"477,00","379,00","386,00"
27/11/2020,"500,00","390,00","391,00"
30/11/2020,"497,00","389,00","388,00"
01/12/2020,"479,00","377,00","383,00"
02/12/2020,"480,00","376,00","380,00"
03/12/2020,"476,00","373,00","375,00"
04/12/2020,"475,00","369,00","373,00"
07/12/2020,"471,00","367,00","366,00"
08/12/2020,"471,00","368,00","366,00"
09/12/2020,"471,00","366,00","365,00"
10/12/2020,"474,00","370,00","366,00"
11/12/2020,"476,00","371,00","367,00"
14/12/2020,"489,00","382,00","372,00"
15/12/2020,"488,00","385,00","380,00"
16/12/2020,"495,00","392,00","382,00"
17/12/2020,"496,00","392,00","383,00"
18/12/2020,"494,00","392,00","381,00"
21/12/2020,"493,00","389,00","381,00"
22/12/2020,"495,00","390,00","380,00"
23/12/2020,"495,00","393,00","382,00"
28/12/2020,"488,00","385,00","382,00"
29/12/2020,"492,00","387,00","381,00"
30/12/2020,"492,00","387,00","381,00"
04/01/2021,"500,00","392,00","386,00"
05/01/2021,"501,00","395,00","392,00"
06/01/2021,"498,00","394,00","393,00"
07/01/2021,"502,00","392,00","389,00"
08/01/2021,"508,00","396,00","389,00"
11/01/2021,"513,00","397,00","396,00"
12/01/2021,"524,00","401,00","395,00"
13/01/2021,"550,00","405,00","393,00"
14/01/2021,"557,00","400,00","393,00"
15/01/2021,"561,00","406,00","394,00"
18/01/2021,"564,00","408,00","395,00"
19/01/2021,"568,00","410,00","398,00"
20/01/2021,"573,00","411,00","396,00"
21/01/2021,"574,00","417,00","398,00"
22/01/2021,"590,00","431,00","400,00"
25/01/2021,"589,00","427,00","399,00"
26/01/2021,"588,00","427,00","396,00"
27/01/2021,"590,00","432,00","397,00"
28/01/2021,"595,00","433,00","397,00"
29/01/2021,"590,00","431,00","400,00"
01/02/2021,"597,00","433,00","401,00"
02/02/2021,"586,00","424,00","395,00"
03/02/2021,"589,00","425,00","397,00"
04/02/2021,"598,00","431,00","404,00"
05/02/2021,"592,00","431,00","401,00"
08/02/2021,"593,00","429,00","400,00"
09/02/2021,"592,00","428,00","403,00"
10/02/2021,"591,00","426,00","401,00"
11/02/2021,"590,00","428,00","400,00"
12/02/2021,"588,00","426,00","400,00"
18/02/2021,"628,00","449,00","406,00"
19/02/2021,"625,00","449,00","406,00"
22/02/2021,"660,00","465,00","412,00"
23/02/2021,"668,00","472,00","419,00"
24/02/2021,"666,00","472,00","418,00"
25/02/2021,"678,00","478,00","422,00"
26/02/2021,"675,00","479,00","423,00"
01/03/2021,"670,00","473,00","429,00"
02/03/2021,"673,00","477,00","430,00"
03/03/2021,"670,00","473,00","428,00"
04/03/2021,"661,00","465,00","420,00"
05/03/2021,"650,00","455,00","414,00"
08/03/2021,"660,00","463,00","417,00"
09/03/2021,"658,00","470,00","432,00"
10/03/2021,"658,00","468,00","424,00"
11/03/2021,"659,00","465,00","432,00"
12/03/2021,"656,00","461,00","423,00"
15/03/2021,"648,00","457,00","422,00"
16/03/2021,"650,00","459,00","424,00"
17/03/2021,"651,00","460,00","425,00"
18/03/2021,"648,00","455,00","420,00"
19/03/2021,"639,00","449,00","413,00"
22/03/2021,"636,00","447,00","412,00"
23/03/2021,"635,00","447,00","411,00"
24/03/2021,"637,00","447,00","412,00"
25/03/2021,"633,00","446,00","416,00"
26/03/2021,"660,00","485,00","432,00"
29/03/2021,"661,00","490,00","431,00"
30/03/2021,"651,00","479,00","422,00"
31/03/2021,"645,00","475,00","419,00"
01/04/2021,"632,00","470,00","415,00"
05/04/2021,"637,00","471,00","414,00"
06/04/2021,"650,00","479,00","420,00"
07/04/2021,"650,00","479,00","420,00"
08/04/2021,"651,00","479,00","418,00"
09/04/2021,"651,00","480,00","431,00"
13/04/2021,"660,00","488,00","433,00"
14/04/2021,"664,00","488,00","434,00"
15/04/2021,"662,00","487,00","430,00"
16/04/2021,"655,00","485,00","424,00"
19/04/2021,"653,00","484,00","421,00"
20/04/2021,"651,00","498,00","420,00"
22/04/2021,"655,00","493,00","419,00"
23/04/2021,"663,00","503,00","422,00"
26/04/2021,"680,00","514,00","424,00"
27/04/2021,"686,00","518,00","426,00"
28/04/2021,"685,00","517,00","426,00"
29/04/2021,"685,00","519,00","425,00"
30/04/2021,"683,00","518,00","425,00"
03/05/2021,"692,00","523,00","427,00"
04/05/2021,"688,00","527,00","431,00"
05/05/2021,"728,00","553,00","442,00"
06/05/2021,"739,00","567,00","436,00"
07/05/2021,"733,00","561,00","433,00"
10/05/2021,"724,00","553,00","431,00"
11/05/2021,"723,00","564,00","431,00"
12/05/2021,"718,00","559,00","429,00"
13/05/2021,"717,00","558,00","428,00"
14/05/2021,"711,00","555,00","423,00"
17/05/2021,"718,00","555,00","422,00"
18/05/2021,"743,00","569,00","431,00"
19/05/2021,"744,00","576,00","434,00"
20/05/2021,"745,00","571,00","436,00"
21/05/2021,"745,00","570,00","434,00"
24/05/2021,"740,00","568,00","433,00"
25/05/2021,"744,00","572,00","433,00"
26/05/2021,"760,00","584,00","436,00"
27/05/2021,"758,00","585,00","437,00"
28/05/2021,"783,00","599,00","449,00"
31/05/2021,"780,00","600,00","449,00"
01/06/2021,"780,00","600,00","451,00"
02/06/2021,"778,00","600,00","449,00"
04/06/2021,"777,00","599,00","449,00"
07/06/2021,"775,00","598,00","451,00"
08/06/2021,"770,00","594,00","450,00"
09/06/2021,"770,00","594,00","449,00"
10/06/2021,"793,00","610,00","454,00"
11/06/2021,"788,00","611,00","452,00"
14/06/2021,"783,00","608,00","453,00"
15/06/2021,"770,00","604,00","450,00"
16/06/2021,"777,00","603,00","450,00"
17/06/2021,"773,00","598,00","449,00"
18/06/2021,"771,00","596,00","449,00"
21/06/2021,"774,00","603,00","451,00"
22/06/2021,"773,00","609,00","452,00"
23/06/2021,"777,00","607,00","453,00"
24/06/2021,"771,00","607,00","452,00"
25/06/2021,"780,00","612,00","465,00"
28/06/2021,"792,00","623,00","474,00"
29/06/2021,"786,00","619,00","468,00"
30/06/2021,"798,00","623,00","473,00"
01/07/2021,"793,00","619,00","476,00"
02/07/2021,"788,00","615,00","485,00"
05/07/2021,"785,00","615,00","484,00"
06/07/2021,"779,00","611,00","488,00"
07/07/2021,"775,00","618,00","497,00"
08/07/2021,"788,00","620,00","498,00"
09/07/2021,"787,00","618,00","498,00"
12/07/2021,"790,00","625,00","501,00"
13/07/2021,"786,00","622,00","500,00"
14/07/2021,"793,00","628,00","502,00"
15/07/2021,"792,00","627,00","503,00"
16/07/2021,"800,00","632,00","506,00"
19/07/2021,"795,00","628,00","504,00"
20/07/2021,"813,00","643,00","514,00"
21/07/2021,"828,00","658,00","526,00"
22/07/2021,"870,00","683,00","536,00"
23/07/2021,"878,00","685,00","542,00"
26/07/2021,"933,00","738,00","558,00"
27/07/2021,"928,00","738,00","561,00"
28/07/2021,"933,00","743,00","567,00"
29/07/2021,"933,00","746,00","565,00"
30/07/2021,"875,00","718,00","554,00"
02/08/2021,"873,00","710,00","553,00"
03/08/2021,"885,00","729,00","574,00"
04/08/2021,"883,00","740,00","574,00"
05/08/2021,"887,00","742,00","574,00"
06/08/2021,"888,00","742,00","574,00"
09/08/2021,"893,00","752,00","582,00"
10/08/2021,"899,00","760,00","591,00"
11/08/2021,"907,00","785,00","596,00"
12/08/2021,"917,00","793,00","601,00"
13/08/2021,"917,00","793,00","603,00"
16/08/2021,"923,00","796,00","603,00"
17/08/2021,"922,00","796,00","603,00"
18/08/2021,"940,00","810,00","608,00"
19/08/2021,"941,00","812,00","615,00"
20/08/2021,"948,00","817,00","618,00"
23/08/2021,"947,00","817,00","623,00"
24/08/2021,"953,00","827,00","630,00"
25/08/2021,"970,00","853,00","633,00"
26/08/2021,"970,00","870,00","645,00"
27/08/2021,"985,00","890,00","652,00"
Data,"ARÁBICA - Bebida ""dura"", bica corrida, máx. de 20% de ""cata"", mín. de 30% de peneira 17 acima","ARÁBICA- Bebida ""rio"", bica corrida, máx. de 30% de ""cata"", mín. de 30% de peneira 17 acima","CONILLON - Bica corrida, tipo 7/8, com até 13% de umidade e até 5% de broca"
